{"cameraMode":{"drawMode":0,"name":"Shaded","section":"Shading Mode"},"sceneLighting":false,"audioPlay":false,"sceneViewState":{"m_AlwaysRefresh":false,"showFog":true,"showSkybox":false,"showFlares":true,"showImageEffects":true,"showParticleSystems":true,"showVisualEffectGraphs":true,"m_FxEnabled":true},"in2DMode":false,"pivot":{"x":0.3573060631752014,"y":0.31290581822395327,"z":0.21628820896148683},"rotation":{"x":0.01978830248117447,"y":0.9559979438781738,"z":-0.28508415818214419,"w":0.06635766476392746},"size":1.1352812051773072,"orthographic":false}