{"cameraMode":{"drawMode":0,"name":"Shaded","section":"Shading Mode"},"sceneLighting":false,"audioPlay":false,"sceneViewState":{"m_AlwaysRefresh":false,"showFog":true,"showSkybox":false,"showFlares":true,"showImageEffects":true,"showParticleSystems":true,"showVisualEffectGraphs":true,"m_FxEnabled":true},"in2DMode":false,"pivot":{"x":-8.305000305175782,"y":0.0000016093254089355469,"z":-0.00007827579975128174},"rotation":{"x":0.221139594912529,"y":0.06577111780643463,"z":-0.014949877746403218,"w":0.9729087948799133},"size":0.368927001953125,"orthographic":false}