{"cameraMode":{"drawMode":0,"name":"Shaded","section":"Shading Mode"},"sceneLighting":true,"audioPlay":false,"sceneViewState":{"m_AlwaysRefresh":false,"showFog":true,"showSkybox":true,"showFlares":true,"showImageEffects":true,"showParticleSystems":true,"showVisualEffectGraphs":true,"m_FxEnabled":true},"in2DMode":false,"pivot":{"x":1.1900713443756104,"y":-2.776533842086792,"z":3.2220118045806886},"rotation":{"x":0.17786581814289094,"y":0.8086020350456238,"z":-0.4699801206588745,"w":0.30601978302001955},"size":17.164615631103517,"orthographic":false}