{"cameraMode":{"drawMode":0,"name":"Shaded","section":"Shading Mode"},"sceneLighting":true,"audioPlay":false,"sceneViewState":{"m_AlwaysRefresh":false,"showFog":true,"showSkybox":true,"showFlares":true,"showImageEffects":true,"showParticleSystems":true,"showVisualEffectGraphs":true,"m_FxEnabled":true},"in2DMode":false,"pivot":{"x":4.3468122482299809,"y":-37.118858337402347,"z":-38.558902740478519},"rotation":{"x":0.028211263939738275,"y":0.9298313856124878,"z":-0.35957807302474978,"w":0.07295123487710953},"size":34.205806732177737,"orthographic":false}