{"cameraMode":{"drawMode":0,"name":"Shaded","section":"Shading Mode"},"sceneLighting":false,"audioPlay":false,"sceneViewState":{"m_AlwaysRefresh":false,"showFog":true,"showSkybox":false,"showFlares":true,"showImageEffects":true,"showParticleSystems":true,"showVisualEffectGraphs":true,"m_FxEnabled":true},"in2DMode":false,"pivot":{"x":0.02499997615814209,"y":0.25700002908706667,"z":0.02499997615814209},"rotation":{"x":0.08556927740573883,"y":0.9124293923377991,"z":-0.24957789480686189,"w":0.31283193826675417},"size":1.9186711311340333,"orthographic":false}