{"cameraMode":{"drawMode":0,"name":"Shaded","section":"Shading Mode"},"sceneLighting":false,"audioPlay":false,"sceneViewState":{"m_AlwaysRefresh":false,"showFog":true,"showSkybox":false,"showFlares":true,"showImageEffects":true,"showParticleSystems":true,"showVisualEffectGraphs":true,"m_FxEnabled":true},"in2DMode":false,"pivot":{"x":0.5273815989494324,"y":-0.6818092465400696,"z":-0.2146521508693695},"rotation":{"x":0.004187770187854767,"y":0.9682804346084595,"z":-0.2493065893650055,"w":0.016265008598566057},"size":2.071356773376465,"orthographic":false}